<?xml version="1.0" encoding="utf-8" ?>

<Defs>

  <RimFlix.ShowDef>
    <defName>Overlord_Megascreen</defName>
    <label>Overlord Maury - Megascreen</label>
    <description>Overlord Maury</description>
    <televisionDefs>
      <li>MegascreenTelevision</li>
    </televisionDefs>
    <secondsBetweenFrames>8</secondsBetweenFrames>
    <sound />
    <frames>
      <li>
        <texPath>Shows/Overlord/Megascreen_Overlord_00</texPath>
        <graphicClass>Graphic_Single</graphicClass>
      </li>
      <li>
        <texPath>Shows/Overlord/Megascreen_Overlord_01</texPath>
        <graphicClass>Graphic_Single</graphicClass>
      </li>
      <li>
        <texPath>Shows/Overlord/Megascreen_Overlord_02</texPath>
        <graphicClass>Graphic_Single</graphicClass>
      </li>
	  <li>
        <texPath>Shows/Overlord/Megascreen_Overlord_03</texPath>
        <graphicClass>Graphic_Single</graphicClass>
      </li>
	  <li>
        <texPath>Shows/Overlord/Megascreen_Overlord_04</texPath>
        <graphicClass>Graphic_Single</graphicClass>
      </li>
	  <li>
        <texPath>Shows/Overlord/Megascreen_Overlord_05</texPath>
        <graphicClass>Graphic_Single</graphicClass>
      </li>
	  <li>
        <texPath>Shows/Overlord/Megascreen_Overlord_06</texPath>
        <graphicClass>Graphic_Single</graphicClass>
      </li>
	  <li>
        <texPath>Shows/Overlord/Megascreen_Overlord_07</texPath>
        <graphicClass>Graphic_Single</graphicClass>
      </li>
	  <li>
        <texPath>Shows/Overlord/Megascreen_Overlord_08</texPath>
        <graphicClass>Graphic_Single</graphicClass>
      </li>
	  <li>
        <texPath>Shows/Overlord/Megascreen_Overlord_09</texPath>
        <graphicClass>Graphic_Single</graphicClass>
      </li>
    </frames>
  </RimFlix.ShowDef>

</Defs>
